CREATE TABLE sidebar_sections (
    section_id INT AUTO_INCREMENT PRIMARY KEY,
    title VARCHAR(255) NOT NULL,
    sidebar_name VARCHAR(100) NOT NULL,
    created_at DATETIME NOT NULL DEFAULT CURRENT_TIMESTAMP,
    updated_at DATETIME NOT NULL DEFAULT CURRENT_TIMESTAMP ON UPDATE CURRENT_TIMESTAMP
);

CREATE TABLE sidebar_section_variants (
    variant_id INT AUTO_INCREMENT PRIMARY KEY,
    section_id INT NOT NULL,
    theme_list VARCHAR(255) NOT NULL,
    html_content TEXT NOT NULL,
    sort_order INT NOT NULL DEFAULT 0,
    is_collapsible TINYINT(1) NOT NULL DEFAULT 0,
    collapsible_id VARCHAR(255) DEFAULT NULL,
    icon_path VARCHAR(255) DEFAULT NULL,
    has_icicles TINYINT(1) NOT NULL DEFAULT 0,
    created_at DATETIME NOT NULL DEFAULT CURRENT_TIMESTAMP,
    updated_at DATETIME NOT NULL DEFAULT CURRENT_TIMESTAMP ON UPDATE CURRENT_TIMESTAMP,
    FOREIGN KEY (section_id) REFERENCES sidebar_sections(section_id) ON DELETE CASCADE
);

CREATE TABLE sidebar_section_entries (
    entry_id INT AUTO_INCREMENT PRIMARY KEY,
    parent_variant_id INT NOT NULL,
    entry_order INT NOT NULL DEFAULT 0,
    theme_list VARCHAR(255) DEFAULT NULL,
    entry_content TEXT NOT NULL,
    FOREIGN KEY (parent_variant_id) REFERENCES sidebar_section_variants(variant_id) ON DELETE CASCADE
);

INSERT INTO sidebar_sections (section_id, title, sidebar_name) VALUES
(1, '', 'search'),
(2, '', 'get_steam_now'),
(3, 'New On Steam', 'new_on_steam'),
(4, 'Find', 'find'),
(5, 'Spotlight', 'spotlight'),
(6, 'Latest News', 'latest_news'),
(7, 'Publisher Catalogs', 'publisher_catalogs'),
(8, 'Browse The Catalog', 'browse_catalog'),
(9, 'Coming Soon To Steam', 'coming_soon');

INSERT INTO sidebar_section_variants (variant_id, section_id, theme_list, html_content, sort_order, is_collapsible, collapsible_id, icon_path, has_icicles) VALUES
(1, 1, '2007_v1,2007_v2', '{{ sidebar_section("search")|raw }}', 1, 0, NULL, NULL, 0),
(2, 2, '2006_v1,2006_v2', '{{ sidebar_section("get_steam_now")|raw }}', 2, 0, NULL, NULL, 0),
(3, 3, '2006_v1', '{{ sidebar_section("new_on_steam")|raw }}', 3, 0, NULL, 'ico/ico_new_16.gif', 0),
(4, 3, '2006_v2', '{{ sidebar_section("new_on_steam")|raw }}', 3, 0, NULL, 'ico/ico_new_16.gif', 0),
(5, 3, '2007_v1,2007_v2', '{{ sidebar_section("new_on_steam")|raw }}', 3, 0, NULL, NULL, 0),
(6, 4, '2006_v1', '{{ sidebar_section("find")|raw }}', 4, 0, NULL, 'ico/ico_srch_16.gif', 0),
(7, 4, '2006_v2', '{{ sidebar_section("find")|raw }}', 4, 0, NULL, 'ico/ico_srch_16.gif', 0),
(8, 4, '2007_v1,2007_v2', '{{ sidebar_section("find_more", {"rows":1})|raw }}', 4, 0, NULL, NULL, 0),
(9, 5, '2007_v1,2007_v2', '{{ sidebar_section("spotlight")|raw }}', 5, 0, NULL, NULL, 0),
(10, 6, '2006_v1', '{{ sidebar_section("latest_news")|raw }}', 6, 0, NULL, 'ico/ico_docs_16.gif', 1),
(11, 6, '2006_v2', '{{ sidebar_section("latest_news")|raw }}', 6, 0, NULL, 'ico/ico_docs_16.gif', 1),
(12, 6, '2007_v1,2007_v2', '{{ sidebar_section("latest_news")|raw }}', 6, 0, NULL, NULL, 1),
(13, 7, '2007_v1,2007_v2', '{{ sidebar_section("publisher_catalogs", {"rows":3})|raw }}', 7, 0, NULL, NULL, 0),
(14, 8, '2007_v1,2007_v2', '{{ sidebar_section("browse_catalog", {"rows":2})|raw }}', 8, 0, NULL, NULL, 0),
(15, 9, '2007_v1,2007_v2', '{{ sidebar_section("coming_soon")|raw }}', 9, 0, NULL, NULL, 0);

INSERT INTO sidebar_section_entries (parent_variant_id, entry_order, theme_list, entry_content) VALUES
(3,1,'2006_v1','<a class="rightLink" href="index.php?area=game&AppId=3000"><img align="absmiddle" border="0" src="img/ico/ico_mouse_13.gif"> GTI Racing <span class="rightLink_newDate_gr"> (Aug 24, 2006)</span></a>'),
(3,2,'2006_v1','<a class="rightLink" href="index.php?area=game&AppId=3010"><img align="absmiddle" border="0" src="img/ico/ico_mouse_13.gif"> Xpand Rally <span class="rightLink_newDate_gr"> (Aug 24, 2006)</span></a>'),
(3,3,'2006_v1','<a class="rightLink" href="index.php?area=game&AppId=927"><img align="absmiddle" border="0" src="img/ico/ico_film_13.gif"> GTI Racing Trailer <span class="rightLink_newDate_gr"> (Aug 24, 2006)</span></a>'),
(3,4,'2006_v1','<a class="rightLink" href="index.php?area=game&AppId=1510"><img align="absmiddle" border="0" src="img/ico/ico_mouse_13.gif"> Uplink <span class="rightLink_newDate_gr"> (Aug 23, 2006)</span></a>'),
(3,5,'2006_v1','<a class="rightLink" href="index.php?area=game&AppId=929"><img align="absmiddle" border="0" src="img/ico/ico_film_13.gif"> Uplink Trailer <span class="rightLink_newDate_gr"> (Aug 23, 2006)</span></a>'),
(3,6,'2006_v1','<a class="rightLink" href="index.php?area=game&AppId=928"><img align="absmiddle" border="0" src="img/ico/ico_film_13.gif"> Source Forts Trailer <span class="rightLink_newDate_gr"> (Aug 4, 2006)</span></a>'),
(3,7,'2006_v1','<a class="rightLink" href="index.php?area=game&AppId=90034"><img align="absmiddle" border="0" src="img/ico/ico_mouse_13.gif"> Source Forts <span class="rightLink_newDate_gr"> (Aug 1, 2006)</span></a>'),
(3,8,'2006_v1','<a class="rightLink" href="index.php?area=game&AppId=924"><img align="absmiddle" border="0" src="img/ico/ico_film_13.gif"> Red Orchestra Infantry Tutorial <span class="rightLink_newDate_gr"> (Jul 28, 2006)</span></a>'),
(4,1,'2006_v2','<a class="rightLink" href="index.php?area=game&AppId=931"><img align="absmiddle" border="0" src="img/ico/ico_film_13.gif"> Team Fortress 2 Trailer 2 <span class="rightLink_newDate_gr"> (Aug 31, 2006)</span></a>'),
(4,2,'2006_v2','<a class="rightLink" href="index.php?area=game&AppId=930"><img align="absmiddle" border="0" src="img/ico/ico_film_13.gif"> Half-Life 2: Episode Two Trailer 2 <span class="rightLink_newDate_gr"> (Aug 30, 2006)</span></a>'),
(4,3,'2006_v2','<a class="rightLink" href="index.php?area=game&AppId=3330"><img align="absmiddle" border="0" src="img/ico/ico_mouse_13.gif"> Zuma Deluxe <span class="rightLink_newDate_gr"> (Aug 30, 2006)</span></a>'),
(4,4,'2006_v2','<a class="rightLink" href="index.php?area=game&AppId=3300"><img align="absmiddle" border="0" src="img/ico/ico_mouse_13.gif"> Bejeweled 2 Deluxe <span class="rightLink_newDate_gr"> (Aug 30, 2006)</span></a>'),
(4,5,'2006_v2','<a class="rightLink" href="index.php?area=game&AppId=3310"><img align="absmiddle" border="0" src="img/ico/ico_mouse_13.gif"> Chuzzle Deluxe <span class="rightLink_newDate_gr"> (Aug 30, 2006)</span></a>'),
(4,6,'2006_v2','<a class="rightLink" href="index.php?area=game&AppId=3320"><img align="absmiddle" border="0" src="img/ico/ico_mouse_13.gif"> Insaniquarium Deluxe <span class="rightLink_newDate_gr"> (Aug 30, 2006)</span></a>'),
(4,7,'2006_v2','<a class="rightLink" href="index.php?area=game&AppId=3340"><img align="absmiddle" border="0" src="img/ico/ico_mouse_13.gif"> AstroPop Deluxe <span class="rightLink_newDate_gr"> (Aug 30, 2006)</span></a>'),
(4,8,'2006_v2','<a class="rightLink" href="index.php?area=game&AppId=3350"><img align="absmiddle" border="0" src="img/ico/ico_mouse_13.gif"> Bejeweled Deluxe <span class="rightLink_newDate_gr"> (Aug 30, 2006)</span></a>'),
(6,1,'2006_v1','<div class="rightLink_find_area"><a class="rightLink_find" href="index.php?area=all"><img border="0" height="7" src="img/ico/ico_arrow_yellow.gif" width="7"> All Games </a><a class="rightLink_find" href="index.php?area=browse"><img border="0" height="7" src="img/ico/ico_arrow_yellow.gif" width="7"> Browse Games </a><a class="rightLink_find" href="index.php?area=search"><img border="0" height="7" src="img/ico/ico_arrow_yellow.gif" width="7"> Search</a></div>'),
(6,2,'2006_v1','<div class="rightLink_find_area"><a class="rightLink_find" href="index.php?area=media"><img border="0" height="7" src="img/ico/ico_arrow_yellow.gif" width="7"> Videos </a><a class="rightLink_find" href="index.php?area=search&browse=1&category=10"><img border="0" height="7" src="img/ico/ico_arrow_yellow.gif" width="7"> Demos </a><a class="rightLink_find" href="http://store.valvesoftware.com" target="_blank"><img border="0" height="7" src="img/ico/ico_arrow_yellow.gif" width="7"> Gear </a></div>'),
(7,1,'2006_v2','<div class="rightLink_find_area"><a class="rightLink_find" href="index.php?area=all"><img border="0" height="7" src="img/ico/ico_arrow_yellow.gif" width="7"> All Games </a><a class="rightLink_find" href="index.php?area=browse"><img border="0" height="7" src="img/ico/ico_arrow_yellow.gif" width="7"> Browse Games </a><a class="rightLink_find" href="index.php?area=search"><img border="0" height="7" src="img/ico/ico_arrow_yellow.gif" width="7"> Search</a></div>'),
(7,2,'2006_v2','<div class="rightLink_find_area"><a class="rightLink_find" href="index.php?area=media"><img border="0" height="7" src="img/ico/ico_arrow_yellow.gif" width="7"> Videos </a><a class="rightLink_find" href="index.php?area=search&browse=1&category=10"><img border="0" height="7" src="img/ico/ico_arrow_yellow.gif" width="7"> Demos </a><a class="rightLink_find" href="http://store.valvesoftware.com" target="_blank"><img border="0" height="7" src="img/ico/ico_arrow_yellow.gif" width="7"> Gear </a></div>'),
(10,1,'2006_v1','<a class="rightLink_news" href="index.php?area=news&id=730"><img border="0" height="7" src="img/ico/ico_arrow_yellow.gif" width="7"> GTI Racing and Xpand Rally Available on Steam<p>Racing games, GTI Racing and Xpand Rally have come to Steam. Purchase either for $19.95, or both for $29.95. Also available in North America as a package with Logitech''s MOMO Racing wheel and pedal set for $124.95 (+shipping).</p></a>'),
(10,2,'2006_v1','<a class="rightLink_news" href="index.php?area=news&id=728"><img border="0" height="7" src="img/ico/ico_arrow_yellow.gif" width="7"> Counter-Strike: Source Update Released<p>Updates to Counter-Strike: Source have been released. The updates will be applied automatically when your Steam client is restarted.</p></a>'),
(10,3,'2006_v1','<a class="rightLink_news" href="index.php?area=news&id=727"><img border="0" height="7" src="img/ico/ico_arrow_yellow.gif" width="7"> DEFCON On Steam In September<p>In September, Valve and Introversion will deliver DEFCON, a new online strategy game from the creators of the award-winning Darwinia, via Steam. In addition, Introversion''s first game and cult hit Uplink is now available via Steam.</p></a>'),
(10,4,'2006_v1','<a class="rightLink_news" href="index.php?area=news&id=725"><img border="0" height="7" src="img/ico/ico_arrow_yellow.gif" width="7"> Source Engine Update Released<p>Updates to the Source Engine have been released. The updates will be applied automatically when your Steam client is restarted.</p></a>'),
(10,5,'2006_v1','<a class="rightLink_news" href="index.php?area=news&id=724"><img border="0" height="7" src="img/ico/ico_arrow_yellow.gif" width="7"> Day of Defeat: Source, Source Engine and SourceTV Updates Released<p>Updates to Day of Defeat: Source and the Source Engine, along with some improvements to SourceTV have been released. The updates will be applied automatically when your Steam client is restarted.</p></a>'),
(11,1,'2006_v2','<a class="rightLink_news" href="index.php?area=news&id=735"><img border="0" height="7" src="img/ico/ico_arrow_yellow.gif" width="7"> Counter-Strike: Source and SourceTV Updates Released<p>Updates to Counter-Strike: Source and SourceTV have been released. The updates will be applied automatically when your Steam client is restarted.</p></a>'),
(11,2,'2006_v2','<a class="rightLink_news" href="index.php?area=news&id=733"><img border="0" height="7" src="img/ico/ico_arrow_yellow.gif" width="7"> Steam client update released<p>Updates to the Steam Client have been released. The updates will be applied automatically when your Steam client is restarted.</p></a>'),
(11,3,'2006_v2','<a class="rightLink_news" href="index.php?area=news&id=732"><img border="0" height="7" src="img/ico/ico_arrow_yellow.gif" width="7"> Free Passes to the CPL CS Finals<p>This December, the CPL 2006 Championship Finals will feature a $100,000 Counter-Strike tournament at the Hyatt Regency Hotel in downtown Dallas.  Free spectator passes for this year''s CPL Counter-Strike Finals will be available online commencing, Thursday, August 31, 2006.</p></a>'),
(11,4,'2006_v2','<a class="rightLink_news" href="index.php?area=news&id=730"><img border="0" height="7" src="img/ico/ico_arrow_yellow.gif" width="7"> GTI Racing and Xpand Rally Available on Steam<p>Racing games, GTI Racing and Xpand Rally have come to Steam. Purchase either for $19.95, or both for $29.95. Also available in North America as a package with Logitech''s MOMO Racing wheel and pedal set for $124.95 (+shipping).</p></a>'),
(11,5,'2006_v2','<a class="rightLink_news" href="index.php?area=news&id=728"><img border="0" height="7" src="img/ico/ico_arrow_yellow.gif" width="7"> Counter-Strike: Source Update Released<p>Updates to Counter-Strike: Source have been released. The updates will be applied automatically when your Steam client is restarted.</p></a>'),
(5,1,'2007_v1','<a class="rightLink" href="v/index.php?area=game&amp;AppId=4700&amp;"><img align="absmiddle" border="0" src="img/ico/ico_mouse_13.gif">  Medieval II: Total War™ <span class="rightLink_newDate_gr"> (Nov 15, 2006)</span></img></a>'),
(5,2,'2007_v1','<a class="rightLink" href="v/index.php?area=game&amp;AppId=4710&amp;"><img align="absmiddle" border="0" src="img/ico/ico_mouse_13.gif"/>  Medieval II: Total War™ Demo <span class="rightLink_newDate_gr"> (Nov 10, 2006)</span></a>'),
(5,3,'2007_v1','<a class="rightLink" href="v/index.php?area=game&amp;AppId=942&amp;"><img align="absmiddle" border="0" src="img/ico/ico_film_13.gif"/>  Heroes of Annihilated Empires Trailer <span class="rightLink_newDate_gr"> (Nov 9, 2006)</span></a>'),
(5,4,'2007_v1','<a class="rightLink" href="v/index.php?area=game&amp;AppId=4310&amp;"><img align="absmiddle" border="0" src="img/ico/ico_mouse_13.gif"/>  RoboBlitz Demo <span class="rightLink_newDate_gr"> (Nov 7, 2006)</span></a>'),
(5,5,'2007_v1','<a class="rightLink" href="v/index.php?area=game&amp;AppId=3850&amp;"><img align="absmiddle" border="0" src="img/ico/ico_mouse_13.gif"/>  BloodRayne 2 Demo <span class="rightLink_newDate_gr"> (Nov 7, 2006)</span></a>'),
(5,6,'2007_v1','<a class="rightLink" href="v/index.php?area=game&amp;AppId=4300&amp;"><img align="absmiddle" border="0" src="img/ico/ico_mouse_13.gif"/>  RoboBlitz <span class="rightLink_newDate_gr"> (Nov 7, 2006)</span></a>'),
(5,7,'2007_v1','<a class="rightLink" href="v/index.php?area=game&amp;AppId=941&amp;"><img align="absmiddle" border="0" src="img/ico/ico_film_13.gif"/>  Red Orchestra Fall Update Trailer <span class="rightLink_newDate_gr"> (Oct 31, 2006)</span></a>'),
(5,8,'2007_v1','<a class="rightLink" href="v/index.php?area=game&amp;AppId=940&amp;"><img align="absmiddle" border="0" src="img/ico/ico_film_13.gif"/>  Dark Messiah Launch Trailer <span class="rightLink_newDate_gr"> (Oct 26, 2006)</span></a>'),
(5,1,'2007_v2','<ul><li class="media"><a href="v/index.php?area=game&amp;AppId=995&amp;cc=US">The Orange Box Commercial <span class="rightLink_newDate_gr"> (Oct 5, 2007)</span></a></li><li class="game"><a href="v/index.php?area=game&amp;AppId=7260&amp;cc=US">Loki <span class="rightLink_newDate_gr"> (Oct 5, 2007)</span></a></li><li class="game"><a href="v/index.php?area=game&amp;AppId=11000&amp;cc=US">Loki Demo - Norse Warrior <span class="rightLink_newDate_gr"> (Oct 5, 2007)</span></a></li><li class="game"><a href="v/index.php?area=game&amp;AppId=7280&amp;cc=US">Loki Demo - Egyptian Sorcerer <span class="rightLink_newDate_gr"> (Oct 5, 2007)</span></a></li><li class="media"><a href="v/index.php?area=game&amp;AppId=991&amp;cc=US">Loki HD Trailer <span class="rightLink_newDate_gr"> (Oct 5, 2007)</span></a></li><li class="game"><a href="v/index.php?area=game&amp;AppId=9340&amp;cc=US">Company of Heroes: Opposing Fronts <span class="rightLink_newDate_gr"> (Sep 27, 2007)</span></a></li><li class="game"><a href="v/index.php?area=game&amp;AppId=6270&amp;cc=US">Ducati World Championship <span class="rightLink_newDate_gr"> (Sep 21, 2007)</span></a></li><li class="media"><a href="v/index.php?area=game&amp;AppId=990&amp;cc=US">Enemy Territory: QUAKE Wars™… <span class="rightLink_newDate_gr"> (Sep 14, 2007)</span></a></li><li class="game"><a href="v/index.php?area=game&amp;AppId=7290&amp;cc=US">Sherlock Holmes - The Awakened Demo <span class="rightLink_newDate_gr"> (Sep 14, 2007)</span></a></li><li class="game"><a href="v/index.php?area=game&amp;AppId=10010&amp;cc=US">Enemy Territory: QUAKE Wars™… <span class="rightLink_newDate_gr"> (Sep 14, 2007)</span></a></li></ul><a class="rightLink_moreNews" href="v/new.xml" target="_blank"><img border="0" height="11" src="img/ico/ico_arrow_green_wd.gif" width="22">  <img align="absmiddle" border="0" src="img/ico/ico_rss2.gif"/>  New on Steam RSS feed</img></a><br clear="all"/>'),
(12,1,'2007_v1','<ul><li><a class="rightLink_news" href="v/index.php?area=news&amp;id=822&amp;">X3: Reunion Bonus Content Released</a></li><li><a class="rightLink_news" href="v/index.php?area=news&amp;id=820&amp;">Source SDK Update Released</a></li><li><a class="rightLink_news" href="v/index.php?area=news&amp;id=819&amp;">Dark Messiah Might and Magic Single Player U ...</a></li><li><a class="rightLink_news" href="v/index.php?area=news&amp;id=818&amp;">RoboBlitz Now Available on Steam</a></li><li><a class="rightLink_news" href="v/index.php?area=news&amp;id=814&amp;">Counter-Strike: Source Update Released</a></li><li><a class="rightLink_news" href="v/index.php?area=news&amp;id=813&amp;">The Ship: Free This Weekend On Steam</a></li></ul><a class="rightLink_moreNews" href="v/index.php?area=news&amp;"><img border="0" height="11" src="img/ico/ico_arrow_green_wd.gif" width="22">  Read more news</img></a>'),
(12,1,'2007_v2','<ul><li><a class="rightLink_news" href="v/index.php?area=news&amp;id=1245&amp;cc=US">Team Fortress 2 Update Released</a></li><li><a class="rightLink_news" href="v/index.php?area=news&amp;id=1244&amp;cc=US">Save 50% on RIP Trilogy</a></li><li><a class="rightLink_news" href="v/index.php?area=news&amp;id=1243&amp;cc=US">Team Fortress 2 Update Released</a></li><li><a class="rightLink_news" href="v/index.php?area=news&amp;id=1237&amp;cc=US">Now on Steam - Loki</a></li><li><a class="rightLink_news" href="v/index.php?area=news&amp;id=1239&amp;cc=US">Sid Meier''s Civilization IV: Beyond the Swor ...</a></li><li><a class="rightLink_news" href="v/index.php?area=news&amp;id=1240&amp;cc=US">Steam client update released</a></li></ul><a class="rightLink_moreNews" href="v/index.php?area=news&amp;cc=US"><img border="0" height="11" src="img/ico/ico_arrow_green_wd.gif" width="22">  Read more news</img></a>'),
(13,1,'2007_v1','<div class="rightLink_find_area"><a class="rightLink_find" href="v/index.php?publisher=2kgames&amp;"><img border="0" height="11" src="img/ico/ico_arrow_grey.gif" width="28">   2K Games </img></a><a class="rightLink_find" href="v/index.php?publisher=majesco&amp;"><img border="0" height="11" src="img/ico/ico_arrow_grey.gif" width="28">   Majesco </img></a><a class="rightLink_find" href="v/index.php?publisher=strategyfirst&amp;"><img border="0" height="11" src="img/ico/ico_arrow_grey.gif" width="28"/>   Strategy First </a></div>'),
(13,2,'2007_v1','<div class="rightLink_find_area"><a class="rightLink_find" href="v/index.php?publisher=activision&amp;"><img border="0" height="11" src="img/ico/ico_arrow_grey.gif" width="28"/>   Activision </a><a class="rightLink_find" href="v/index.php?publisher=popcap&amp;"><img border="0" height="11" src="img/ico/ico_arrow_grey.gif" width="28"/>   Popcap </a><a class="rightLink_find" href="v/index.php?publisher=valve&amp;"><img border="0" height="11" src="img/ico/ico_arrow_grey.gif" width="28"/>   Valve </a></div>'),
(13,1,'2007_v2','<div class="rightLink_columns"><ul><li><a href="v/index.php?publisher=2kgames&amp;cc=US" title="Buy 2K Games games">2K Games</a><li><a href="v/index.php?publisher=activision&amp;cc=US" title="Buy Activision games">Activision</a><li><a href="v/index.php?publisher=eidos&amp;cc=US" title="Buy Eidos Interactive games">Eidos Interactive</a><li><a href="v/index.php?publisher=id&amp;cc=US" title="Buy id Software games">id Software</a><li><a href="v/index.php?publisher=majesco&amp;cc=US" title="Buy Majesco games">Majesco</a><li><a href="v/index.php?publisher=popcap&amp;cc=US" title="Buy PopCap Games, Inc. games">PopCap Games, Inc.</a><li><a href="v/index.php?publisher=strategyfirst&amp;cc=US" title="Buy Strategy First games">Strategy First</a><li><a href="v/index.php?publisher=thq&amp;cc=US" title="Buy THQ games">THQ</a><li><a href="v/index.php?publisher=valve&amp;cc=US" title="Buy Valve games">Valve</a></li></li></li></li></li></li></li></li></li></ul></div>'),
(14,1,'2007_v1','<div class="rightLink_find_area"><a class="rightLink_browse" href="v/index.php?area=all&amp;"><img border="0" height="11" src="img/ico/ico_arrow_grey.gif" width="28">   All Games </img></a><a class="rightLink_browse" href="v/index.php?area=browse&amp;"><img border="0" height="11" src="img/ico/ico_arrow_grey.gif" width="28"/>   Browse Games </a><a class="rightLink_browse" href="v/index.php?area=free&amp;"><img border="0" height="11" src="img/ico/ico_arrow_grey.gif" width="28"/>   Free Stuff</a></div>'),
(14,2,'2007_v1','<div class="rightLink_find_area"><a class="rightLink_find" href="v/index.php?area=free&amp;tab=demos&amp;"><img border="0" height="11" src="img/ico/ico_arrow_grey.gif" width="28"/>   Demos </a><a class="rightLink_find" href="v/index.php?area=free&amp;tab=videos&amp;"><img border="0" height="11" src="img/ico/ico_arrow_grey.gif" width="28"/>   Videos </a></div>'),
(14,1,'2007_v2','<div class="rightLink_columns"><ul><li><a href="v/index.php?area=all&amp;initial=1&amp;cc=US">All Games</a></li><li><a href="v/index.php?area=browse&amp;cc=US">Browse Games</a></li><li><a href="v/index.php?area=free&amp;cc=US">Free Stuff</a></li><li><a href="v/index.php?area=free&amp;tab=demos&amp;cc=US">Demos</a></li><li><a href="v/index.php?area=free&amp;tab=videos&amp;cc=US">Videos</a></li></ul></div>'),
(15,1,'2007_v1','<a class="rightLink" href="v/index.php?area=game&amp;AppId=4200&amp;"><img align="absmiddle" border="0" src="img/ico/ico_mouse_13.gif">  RACE - The WTCC Game <span class="rightLink_newDate_gr"> (Nov 2006)</span></img></a>'),
(15,2,'2007_v1','<a class="rightLink" href="v/index.php?area=game&amp;AppId=4800&amp;"><img align="absmiddle" border="0" src="img/ico/ico_mouse_13.gif"/>  Heroes of Annihilated Empires <span class="rightLink_newDate_gr"> (Nov 2006)</span></a>'),
(15,3,'2007_v1','<br clear="all"/>'),
(15,1,'2007_v2','<a class="rightLink" href="v/index.php?area=game&amp;AppId=420&amp;cc=US"><img align="absmiddle" border="0" src="img/ico/ico_mouse_13.gif">  Half-Life 2: Episode Two <span class="rightLink_newDate_gr"> (Oct 2007)</span></img></a>'),
(15,2,'2007_v2','<a class="rightLink" href="v/index.php?area=game&amp;AppId=440&amp;cc=US"><img align="absmiddle" border="0" src="img/ico/ico_mouse_13.gif">  Team Fortress 2 <span class="rightLink_newDate_gr"> (Oct 2007)</span></img></a>'),
(15,3,'2007_v2','<a class="rightLink" href="v/index.php?area=game&amp;AppId=400&amp;cc=US"><img align="absmiddle" border="0" src="img/ico/ico_mouse_13.gif">  Portal <span class="rightLink_newDate_gr"> (Oct 2007)</span></img></a>'),
(15,4,'2007_v2','<a class="rightLink" href="v/index.php?area=game&amp;AppId=10000&amp;cc=US"><img align="absmiddle" border="0" src="img/ico/ico_mouse_13.gif"/>  Enemy Territory: QUAKE Wars™ <span class="rightLink_newDate_gr"> (Oct 2007)</span></a>'),
(15,5,'2007_v2','<a class="rightLink" href="v/index.php?area=game&amp;AppId=8600&amp;cc=US"><img align="absmiddle" border="0" src="img/ico/ico_mouse_13.gif"/>  RACE 07 <span class="rightLink_newDate_gr"> (Oct 2007)</span></a>'),
(15,6,'2007_v2','<a class="rightLink" href="v/index.php?area=game&amp;AppId=8041&amp;cc=US"><img align="absmiddle" border="0" src="img/ico/ico_mouse_13.gif"/>  Kane & Lynch: Dead Men™ <span class="rightLink_newDate_gr"> (Nov 2007)</span></a>'),
(15,7,'2007_v2','<br clear="all"/>');

