INSERT INTO store_categories(id,name,ord,visible) VALUES(2,'Single-player',1,1);
INSERT INTO store_categories(id,name,ord,visible) VALUES(1,'Multi-player',2,1);
INSERT INTO store_categories(id,name,ord,visible) VALUES(3,'New releases',3,1);
INSERT INTO store_categories(id,name,ord,visible) VALUES(4,'Pre-release',4,1);
INSERT INTO store_categories(id,name,ord,visible) VALUES(7,'Mods (require HL1)',5,1);
INSERT INTO store_categories(id,name,ord,visible) VALUES(6,'Mods (require HL2)',6,1);
INSERT INTO store_categories(id,name,ord,visible) VALUES(10,'Game Demo',7,1);
INSERT INTO store_developers(name) VALUES('Action Half-Life Team');
INSERT INTO store_developers(name) VALUES('Adam Foster');
INSERT INTO store_developers(name) VALUES('Adrenaline Gamer');
INSERT INTO store_developers(name) VALUES('BG2 Team');
INSERT INTO store_developers(name) VALUES('Black Cat Games');
INSERT INTO store_developers(name) VALUES('BrainBread Team');
INSERT INTO store_developers(name) VALUES('Digital Paintball Team');
INSERT INTO store_developers(name) VALUES('Dystopia Team');
INSERT INTO store_developers(name) VALUES('Earth''s Special Forces Team');
INSERT INTO store_developers(name) VALUES('Firearms Team');
INSERT INTO store_developers(name) VALUES('Frontline Force Team');
INSERT INTO store_developers(name) VALUES('Frozenbyte');
INSERT INTO store_developers(name) VALUES('Garry');
INSERT INTO store_developers(name) VALUES('Gearbox');
INSERT INTO store_developers(name) VALUES('Hidden: Source Team');
INSERT INTO store_developers(name) VALUES('HL2:CTF Team');
INSERT INTO store_developers(name) VALUES('Hostile Intent Team');
INSERT INTO store_developers(name) VALUES('I.O.S. Team');
INSERT INTO store_developers(name) VALUES('Introversion Software');
INSERT INTO store_developers(name) VALUES('Malfador Machinations');
INSERT INTO store_developers(name) VALUES('Mark Healey');
INSERT INTO store_developers(name) VALUES('Nuclear Vision');
INSERT INTO store_developers(name) VALUES('Outerlight');
INSERT INTO store_developers(name) VALUES('Plan of Attack Team');
INSERT INTO store_developers(name) VALUES('Reality Pump Studios');
INSERT INTO store_developers(name) VALUES('Ritual');
INSERT INTO store_developers(name) VALUES('Science and Industry Team');
INSERT INTO store_developers(name) VALUES('Sonalysts');
INSERT INTO store_developers(name) VALUES('Sven Co-Op Team');
INSERT INTO store_developers(name) VALUES('The Battle Grounds Team');
INSERT INTO store_developers(name) VALUES('The Specialists Team');
INSERT INTO store_developers(name) VALUES('The Trenches Team');
INSERT INTO store_developers(name) VALUES('Tripwire');
INSERT INTO store_developers(name) VALUES('Unknown Worlds');
INSERT INTO store_developers(name) VALUES('Valve');
INSERT INTO store_developers(name) VALUES('Vampire Slayer');
INSERT INTO store_developers(name) VALUES('Zombie Panic Team');
INSERT INTO store_apps(appid,name,developer,availability,price,metacritic,description,sysreq,main_image,images,show_metascore,release_state,release_date,preorder_available,preload_available,preorder_bonus_text) VALUES(90021,"Action Half-Life","Action Half-Life Team","Available",0,"","","","0000000108_thumb.jpg","[\"0000000108_thumb.jpg\", \"0000000107_thumb.jpg\", \"0000000106_thumb.jpg\", \"0000000105_thumb.jpg\", \"0000000104_thumb.jpg\"]",0,'released',NULL,0,0,NULL);
INSERT INTO store_apps(appid,name,developer,availability,price,metacritic,description,sysreq,main_image,images,show_metascore,release_state,release_date,preorder_available,preload_available,preorder_bonus_text) VALUES(90009,"Adrenaline Gamer","Adrenaline Gamer","Available",0,"","","","0000000078_thumb.jpg","[\"0000000078_thumb.jpg\", \"0000000077_thumb.jpg\", \"0000000076_thumb.jpg\", \"0000000075_thumb.jpg\", \"0000000074_thumb.jpg\"]",0,'released',NULL,0,0,NULL);
INSERT INTO store_apps(appid,name,developer,availability,price,metacritic,description,sysreq,main_image,images,show_metascore,release_state,release_date,preorder_available,preload_available,preorder_bonus_text) VALUES(90001,"Alien Swarm: Infested","Black Cat Games","n/a",0,"","","","0000000221_thumb.jpg","[\"0000000221_thumb.jpg\", \"0000000220_thumb.jpg\", \"0000000219_thumb.jpg\", \"0000000218_thumb.jpg\", \"0000000217_thumb.jpg\"]",0,'released',NULL,0,0,NULL);
INSERT INTO store_apps(appid,name,developer,availability,price,metacritic,description,sysreq,main_image,images,show_metascore,release_state,release_date,preorder_available,preload_available,preorder_bonus_text) VALUES(90026,"Battle Grounds 2 (beta)","BG2 Team","n/a",0,"","","","0000000235_thumb.jpg","[\"0000000235_thumb.jpg\", \"0000000234_thumb.jpg\", \"0000000233_thumb.jpg\", \"0000000232_thumb.jpg\"]",0,'released',NULL,0,0,NULL);
INSERT INTO store_apps(appid,name,developer,availability,price,metacritic,description,sysreq,main_image,images,show_metascore,release_state,release_date,preorder_available,preload_available,preorder_bonus_text) VALUES(90006,"BrainBread","BrainBread Team","Available",0,"","","","0000000063_thumb.jpg","[\"0000000063_thumb.jpg\", \"0000000062_thumb.jpg\", \"0000000061_thumb.jpg\", \"0000000060_thumb.jpg\", \"0000000059_thumb.jpg\"]",0,'released',NULL,0,0,NULL);
INSERT INTO store_apps(appid,name,developer,availability,price,metacritic,description,sysreq,main_image,images,show_metascore,release_state,release_date,preorder_available,preload_available,preorder_bonus_text) VALUES(92,"Codename Gordon","Nuclear Vision","Available",0,"","Created by Nuclearvision Entertainment, Codename Gordon takes players through dozens of levels inspired by Half-Life and Half-Life 2, challenges players to a slew of puzzles, and showcases many of the familiar creatures in an all new, 2 dimensional playing field.","","0000000041_thumb.jpg","[\"0000000041_thumb.jpg\", \"0000000040_thumb.jpg\", \"0000000039_thumb.jpg\", \"0000000038_thumb.jpg\", \"0000000037_thumb.jpg\"]",0,'released',NULL,0,0,NULL);
INSERT INTO store_apps(appid,name,developer,availability,price,metacritic,description,sysreq,main_image,images,show_metascore,release_state,release_date,preorder_available,preload_available,preorder_bonus_text) VALUES(10,"Counter-Strike","Valve","Available",19.95,"88","Play the world's number 1 online action game. Engage in an incredibly realistic brand of terrorist warfare in this wildly popular team-based game. Ally with teammates to complete strategic missions. Take out enemy sites. Rescue hostages. Your role affects your team's success. Your team's success affects your role.","Minimum:\n 500 mhz processor, 96mb ram, 16mb video card, Windows 2000/XP/ME/SE, Mouse, Keyboard, Internet Connection\n \n Recommended:\n 800 mhz processor, 128mb ram, 32mb+ video card, Windows 2000/XP, Mouse, Keyboard, Internet Connection","0000000136_thumb.jpg","[\"0000000136_thumb.jpg\", \"0000000135_thumb.jpg\", \"0000000134_thumb.jpg\", \"0000000133_thumb.jpg\", \"0000000132_thumb.jpg\"]",0,'released',NULL,0,0,NULL);
INSERT INTO store_apps(appid,name,developer,availability,price,metacritic,description,sysreq,main_image,images,show_metascore,release_state,release_date,preorder_available,preload_available,preorder_bonus_text) VALUES(80,"Counter-Strike: Condition Zero","Valve","Available",14.95,"65","With its extensive Tour of Duty campaign, a near-limitless number of skirmish modes, updates and new content for Counter-Strike's award-winning multiplayer game play, plus over 12 bonus single player missions, Counter-Strike: Condition Zero is a tremendous offering of single and multiplayer content.","","0000000141_thumb.jpg","[\"0000000141_thumb.jpg\", \"0000000140_thumb.jpg\", \"0000000139_thumb.jpg\", \"0000000138_thumb.jpg\", \"0000000137_thumb.jpg\"]",0,'released',NULL,0,0,NULL);
INSERT INTO store_apps(appid,name,developer,availability,price,metacritic,description,sysreq,main_image,images,show_metascore,release_state,release_date,preorder_available,preload_available,preorder_bonus_text) VALUES(240,"Counter-Strike: Source","Valve","Available",19.95,"88","THE NEXT INSTALLMENT OF THE WORLD'S # 1 ONLINE ACTION GAME","Minimum:\n 1.2 GHz Processor, 256MB RAM, DirectX 7 level graphics card, Windows 2000/XP/ME/98, Mouse, Keyboard, Internet Connection\n \n Recommended:\n 2.4 GHz Processor, 512MB RAM, DirectX 9 level graphics card, Windows 2000/XP, Mouse, Keyboard, Internet Connection","0000000031_thumb.jpg","[\"0000000031_thumb.jpg\", \"0000000030_thumb.jpg\", \"0000000029_thumb.jpg\", \"0000000028_thumb.jpg\", \"0000000027_thumb.jpg\"]",0,'released',NULL,0,0,NULL);
INSERT INTO store_apps(appid,name,developer,availability,price,metacritic,description,sysreq,main_image,images,show_metascore,release_state,release_date,preorder_available,preload_available,preorder_bonus_text) VALUES(1600,"Dangerous Waters","Sonalysts","Coming soon",39.95,"82","S.C.S. - Dangerous Waters allows you total control over multiple air, surface, and submarine platforms in a modern-day naval environment. Take direct control of individual crew stations and also plan and execute combined arms naval strategies from a top-down 'Commanders Eye' perspective.","Minimum\nWindows 98SE/ME/2000/XP, 550Mhz CPU, 128 MB RAM, 8x CD-ROM, D3D Video Card with 32MB RAM (DirectX 9.0b drivers), DX9 Sound Card, 590MB hard drive space, Internet or LAN connection for multiplayer\n\nRecommended\n1GHz+ CPU, 256 MB RAM, D3D Video Card with 64MB RAM (with DirectX 9.0b compatible drivers), 1GB hard-drive space","0000000252_thumb.jpg","[\"0000000252_thumb.jpg\", \"0000000251_thumb.jpg\", \"0000000250_thumb.jpg\", \"0000000249_thumb.jpg\", \"0000000248_thumb.jpg\"]",0,'released',NULL,0,0,NULL);
INSERT INTO store_apps(appid,name,developer,availability,price,metacritic,description,sysreq,main_image,images,show_metascore,release_state,release_date,preorder_available,preload_available,preorder_bonus_text) VALUES(1500,"Darwinia","Introversion Software","New release",19.95,"85","","Windows 98/Me/2000/XP, 600MHz CPU, 128MB RAM, DX7 based video card","0000000231_thumb.jpg","[\"0000000231_thumb.jpg\", \"0000000230_thumb.jpg\", \"0000000229_thumb.jpg\", \"0000000228_thumb.jpg\", \"0000000227_thumb.jpg\"]",0,'released',NULL,0,0,NULL);
INSERT INTO store_apps(appid,name,developer,availability,price,metacritic,description,sysreq,main_image,images,show_metascore,release_state,release_date,preorder_available,preload_available,preorder_bonus_text) VALUES(30,"Day of Defeat","Valve","Available",9.95,"79","Enlist in an intense brand of Axis vs. Allied teamplay set in the WWII European Theatre of Operations. Players assume the role of light/assault/heavy infantry, sniper or machine-gunner class, each with a unique arsenal of historical weaponry at their disposal. Missions are based on key historical operations. And, as war rages, players must work together with their squad to accomplish a variety of mission-specific objectives.","Minimum:\n 500 mhz processor, 96mb ram, 16mb video card, Windows 2000/XP/ME/SE, Mouse, Keyboard, Internet Connection\n \n Recommended:\n 800 mhz processor, 128mb ram, 32mb+ video card, Windows 2000/XP, Mouse, Keyboard, Internet Connection","0000000173_thumb.jpg","[\"0000000173_thumb.jpg\", \"0000000172_thumb.jpg\", \"0000000171_thumb.jpg\", \"0000000170_thumb.jpg\", \"0000000169_thumb.jpg\"]",0,'released',NULL,0,0,NULL);
INSERT INTO store_apps(appid,name,developer,availability,price,metacritic,description,sysreq,main_image,images,show_metascore,release_state,release_date,preorder_available,preload_available,preorder_bonus_text) VALUES(300,"Day of Defeat: Source","Valve","Available",19.95,"80","Day of Defeat offers an intense brand of online gameplay set in the WWII European Theatre of Operations. Players assume the role of light/assault/heavy infantry, sniper or machine-gunner class, and missions are based on historical operations. Day of Defeat: Source features enhanced graphics and sounds design to leverage the power of Source, Valve's new engine technology.","","0000000045_thumb.jpg","[\"0000000045_thumb.jpg\", \"0000000044_thumb.jpg\", \"0000000043_thumb.jpg\", \"0000000042_thumb.jpg\", \"0000000023_thumb.jpg\"]",0,'released',NULL,0,0,NULL);
INSERT INTO store_apps(appid,name,developer,availability,price,metacritic,description,sysreq,main_image,images,show_metascore,release_state,release_date,preorder_available,preload_available,preorder_bonus_text) VALUES(40,"Deathmatch Classic","Valve","Available",9.95,"","Enjoy fast-paced multiplayer gaming with Deathmatch Classic (a.k.a. DMC). Valve's tribute to the work of id software, DMC invites players to grab their rocket launchers and put their reflexes to the test in a collection of futuristic settings.","Minimum:\n 500 mhz processor, 96mb ram, 16mb video card, Windows 2000/XP/ME/SE, Mouse, Keyboard, Internet Connection\n \n Recommended:\n 800 mhz processor, 128mb ram, 32mb+ video card, Windows 2000/XP, Mouse, Keyboard, Internet Connection","0000000145_thumb.jpg","[\"0000000145_thumb.jpg\", \"0000000144_thumb.jpg\", \"0000000143_thumb.jpg\", \"0000000142_thumb.jpg\"]",0,'released',NULL,0,0,NULL);
INSERT INTO store_apps(appid,name,developer,availability,price,metacritic,description,sysreq,main_image,images,show_metascore,release_state,release_date,preorder_available,preload_available,preorder_bonus_text) VALUES(90010,"Digital Paintball","Digital Paintball Team","n/a",0,"","","","","[]",0,'released',NULL,0,0,NULL);
INSERT INTO store_apps(appid,name,developer,availability,price,metacritic,description,sysreq,main_image,images,show_metascore,release_state,release_date,preorder_available,preload_available,preorder_bonus_text) VALUES(90023,"Dystopia","Dystopia Team","Available",0,"","","","0000000213_thumb.jpg","[\"0000000213_thumb.jpg\", \"0000000212_thumb.jpg\"]",0,'released',NULL,0,0,NULL);
INSERT INTO store_apps(appid,name,developer,availability,price,metacritic,description,sysreq,main_image,images,show_metascore,release_state,release_date,preorder_available,preload_available,preorder_bonus_text) VALUES(90003,"Earth's Special Forces","Earth's Special Forces Team","Available",0,"","","","0000000178_thumb.jpg","[\"0000000178_thumb.jpg\", \"0000000177_thumb.jpg\", \"0000000176_thumb.jpg\", \"0000000175_thumb.jpg\", \"0000000174_thumb.jpg\"]",0,'released',NULL,0,0,NULL);
INSERT INTO store_apps(appid,name,developer,availability,price,metacritic,description,sysreq,main_image,images,show_metascore,release_state,release_date,preorder_available,preload_available,preorder_bonus_text) VALUES(90016,"Firearms","Firearms Team","Available",0,"","","","","[]",0,'released',NULL,0,0,NULL);
INSERT INTO store_apps(appid,name,developer,availability,price,metacritic,description,sysreq,main_image,images,show_metascore,release_state,release_date,preorder_available,preload_available,preorder_bonus_text) VALUES(90014,"Frontline Force","Frontline Force Team","Available",0,"","","","0000000088_thumb.jpg","[\"0000000088_thumb.jpg\", \"0000000087_thumb.jpg\", \"0000000086_thumb.jpg\", \"0000000085_thumb.jpg\", \"0000000084_thumb.jpg\"]",0,'released',NULL,0,0,NULL);
INSERT INTO store_apps(appid,name,developer,availability,price,metacritic,description,sysreq,main_image,images,show_metascore,release_state,release_date,preorder_available,preload_available,preorder_bonus_text) VALUES(90024,"Garry's Mod","Garry","Available",0,"","","","0000000216_thumb.jpg","[\"0000000216_thumb.jpg\", \"0000000215_thumb.jpg\", \"0000000214_thumb.jpg\"]",0,'released',NULL,0,0,NULL);
INSERT INTO store_apps(appid,name,developer,availability,price,metacritic,description,sysreq,main_image,images,show_metascore,release_state,release_date,preorder_available,preload_available,preorder_bonus_text) VALUES(70,"Half-Life","Valve","Available",9.95,"96","Named Game of the Year by over 50 publications, Valve's debut title blends action and adventure with award-winning technology to create a frighteningly realistic world where players must think to survive. Also includes an exciting multiplayer mode that allows you to play against friends and enemies around the world.","Minimum:\n 500 mhz processor, 96mb ram, 16mb video card, Windows 2000/XP/ME/SE, Mouse, Keyboard, Internet Connection\n \n Recommended:\n 800 mhz processor, 128mb ram, 32mb+ video card, Windows 2000/XP, Mouse, Keyboard, Internet Connection","0000000150_thumb.jpg","[\"0000000150_thumb.jpg\", \"0000000149_thumb.jpg\", \"0000000147_thumb.jpg\", \"0000000146_thumb.jpg\"]",0,'released',NULL,0,0,NULL);
INSERT INTO store_apps(appid,name,developer,availability,price,metacritic,description,sysreq,main_image,images,show_metascore,release_state,release_date,preorder_available,preload_available,preorder_bonus_text) VALUES(220,"Half-Life 2","Valve","Available",39.95,"96","Half-Life 2 defines a new benchmark in gaming with startling realism and responsiveness. Powered by Source\u2122 technology, Half-Life 2 features the most sophisticated in-game characters ever witnessed, advanced AI, stunning graphics and physical gameplay.","","0000000194_thumb.jpg","[\"0000000194_thumb.jpg\", \"0000000193_thumb.jpg\", \"0000000192_thumb.jpg\", \"0000000118_thumb.jpg\", \"0000000114_thumb.jpg\"]",0,'released',NULL,0,0,NULL);
INSERT INTO store_apps(appid,name,developer,availability,price,metacritic,description,sysreq,main_image,images,show_metascore,release_state,release_date,preorder_available,preload_available,preorder_bonus_text) VALUES(90013,"Half-Life 2: Capture the Flag","HL2:CTF Team","Available",0,"","","","0000000191_thumb.jpg","[\"0000000191_thumb.jpg\"]",0,'released',NULL,0,0,NULL);
INSERT INTO store_apps(appid,name,developer,availability,price,metacritic,description,sysreq,main_image,images,show_metascore,release_state,release_date,preorder_available,preload_available,preorder_bonus_text) VALUES(320,"Half-Life 2: Deathmatch","Valve","Available",9.95,"","Fast multiplayer action set in the Half-Life 2 universe! HL2's physics adds a new dimension to deathmatch play. Play straight deathmatch or try Combine vs. Resistance teamplay. Toss a toilet at your friend today!","Minimum:\n 1.2 GHz Processor, 256MB RAM, DirectX 7 level graphics card, Windows 2000/XP/ME/98, Mouse, Keyboard, Internet Connection\n \n Recommended:\n 2.4 GHz Processor, 512MB RAM, DirectX 9 level graphics card, Windows 2000/XP, Mouse, Keyboard, Internet Connection","","[]",0,'released',NULL,0,0,NULL);
INSERT INTO store_apps(appid,name,developer,availability,price,metacritic,description,sysreq,main_image,images,show_metascore,release_state,release_date,preorder_available,preload_available,preorder_bonus_text) VALUES(219,"Half-Life 2: Demo","Valve","Available",0,"","Half-Life 2 defines a new benchmark in gaming with startling realism and responsiveness. Powered by Source\u2122 technology, Half-Life 2 features the most sophisticated in-game characters ever witnessed, advanced AI, stunning graphics and physical gameplay.","Minimum:\n 1.2 GHz Processor, 256MB RAM, DirectX 7 level graphics card, Windows 2000/XP/ME/98, Mouse, Keyboard, Internet Connection\n \n Recommended:\n 2.4 GHz Processor, 512MB RAM, DirectX 9 level graphics card, Windows 2000/XP, Mouse, Keyboard, Internet Connection","0000000199_thumb.jpg","[\"0000000199_thumb.jpg\", \"0000000198_thumb.jpg\", \"0000000197_thumb.jpg\", \"0000000196_thumb.jpg\", \"0000000195_thumb.jpg\"]",0,'released',NULL,0,0,NULL);
INSERT INTO store_apps(appid,name,developer,availability,price,metacritic,description,sysreq,main_image,images,show_metascore,release_state,release_date,preorder_available,preload_available,preorder_bonus_text) VALUES(340,"Half-Life 2: Lost Coast","Valve","Available",29.95,"","Originally planned as a section of the Highway 17 chapter of Half-Life 2, Lost Coast is a playable technology showcase that introduces High Dynamic Range lighting to the Source engine. Upon its release, Half-Life 2: Lost Coast will be available free of charge to all owners of Half-Life 2.","Minimum:\n 1.2 GHz Processor, 256MB RAM, DirectX 7 level graphics card, Windows 2000/XP/ME/98, Mouse, Keyboard, Internet Connection\n \n Recommended:\n 2.4 GHz Processor, 512MB RAM, DirectX 9 level graphics card, Windows 2000/XP, Mouse, Keyboard, Internet Connection","0000000015_thumb.jpg","[\"0000000015_thumb.jpg\", \"0000000014_thumb.jpg\", \"0000000013_thumb.jpg\", \"0000000011_thumb.jpg\", \"0000000010_thumb.jpg\"]",0,'released',NULL,0,0,NULL);
INSERT INTO store_apps(appid,name,developer,availability,price,metacritic,description,sysreq,main_image,images,show_metascore,release_state,release_date,preorder_available,preload_available,preorder_bonus_text) VALUES(130,"Half-Life: Blue Shift","Gearbox","Available",9.95,"71","Made by Gearbox Software and originally released in 2001 as an add-on to Half-Life, Blue Shift is a return to the Black Mesa Research Facility in which you play as Barney Calhoun, the security guard sidekick who helped Gordon out of so many sticky situations.","Minimum:\n 500 mhz processor, 96mb ram, 16mb video card, Windows 2000/XP/ME/SE, Mouse, Keyboard, Internet Connection\n \n Recommended:\n 800 mhz processor, 128mb ram, 32mb+ video card, Windows 2000/XP, Mouse, Keyboard, Internet Connection","0000000131_thumb.jpg","[\"0000000131_thumb.jpg\", \"0000000130_thumb.jpg\", \"0000000129_thumb.jpg\", \"0000000128_thumb.jpg\", \"0000000127_thumb.jpg\"]",0,'released',NULL,0,0,NULL);
INSERT INTO store_apps(appid,name,developer,availability,price,metacritic,description,sysreq,main_image,images,show_metascore,release_state,release_date,preorder_available,preload_available,preorder_bonus_text) VALUES(280,"Half-Life: Source","Valve","Available",9.95,"","Winner of over 50 Game of the Year awards, Half-Life set new standards for action games when it was released in 1998. Half-Life: Source is a digitally remastered version of the critically acclaimed and best selling PC game, enhanced via Source technology to include physics simulation, enhanced effects, and more.","Minimum:\n 1.2 GHz Processor, 256MB RAM, DirectX 7 level graphics card, Windows 2000/XP/ME/98, Mouse, Keyboard, Internet Connection\n \n Recommended:\n 2.4 GHz Processor, 512MB RAM, DirectX 9 level graphics card, Windows 2000/XP, Mouse, Keyboard, Internet Connection","0000000190_thumb.jpg","[\"0000000190_thumb.jpg\", \"0000000189_thumb.jpg\", \"0000000188_thumb.jpg\", \"0000000187_thumb.jpg\"]",0,'released',NULL,0,0,NULL);
INSERT INTO store_apps(appid,name,developer,availability,price,metacritic,description,sysreq,main_image,images,show_metascore,release_state,release_date,preorder_available,preload_available,preorder_bonus_text) VALUES(90025,"Hidden: Source","Hidden: Source Team","Available",0,"","","","0000000226_thumb.jpg","[\"0000000226_thumb.jpg\", \"0000000225_thumb.jpg\", \"0000000224_thumb.jpg\", \"0000000223_thumb.jpg\", \"0000000222_thumb.jpg\"]",0,'released',NULL,0,0,NULL);
INSERT INTO store_apps(appid,name,developer,availability,price,metacritic,description,sysreq,main_image,images,show_metascore,release_state,release_date,preorder_available,preload_available,preorder_bonus_text) VALUES(90015,"Hostile Intent","Hostile Intent Team","Available",0,"","","","0000000093_thumb.jpg","[\"0000000093_thumb.jpg\", \"0000000092_thumb.jpg\", \"0000000091_thumb.jpg\", \"0000000090_thumb.jpg\", \"0000000089_thumb.jpg\"]",0,'released',NULL,0,0,NULL);
INSERT INTO store_apps(appid,name,developer,availability,price,metacritic,description,sysreq,main_image,images,show_metascore,release_state,release_date,preorder_available,preload_available,preorder_bonus_text) VALUES(90007,"International Online Soccer","I.O.S. Team","Available",0,"","","","0000000068_thumb.jpg","[\"0000000068_thumb.jpg\", \"0000000067_thumb.jpg\", \"0000000066_thumb.jpg\", \"0000000065_thumb.jpg\", \"0000000064_thumb.jpg\"]",0,'released',NULL,0,0,NULL);
INSERT INTO store_apps(appid,name,developer,availability,price,metacritic,description,sysreq,main_image,images,show_metascore,release_state,release_date,preorder_available,preload_available,preorder_bonus_text) VALUES(90000,"Minerva","Adam Foster","Available",0,"","","","0000000048_thumb.jpg","[\"0000000048_thumb.jpg\", \"0000000047_thumb.jpg\", \"0000000046_thumb.jpg\"]",0,'released',NULL,0,0,NULL);
INSERT INTO store_apps(appid,name,developer,availability,price,metacritic,description,sysreq,main_image,images,show_metascore,release_state,release_date,preorder_available,preload_available,preorder_bonus_text) VALUES(90002,"Natural Selection","Unknown Worlds","Available",0,"","","","0000000211_thumb.jpg","[\"0000000211_thumb.jpg\", \"0000000210_thumb.jpg\", \"0000000202_thumb.jpg\", \"0000000201_thumb.jpg\", \"0000000200_thumb.jpg\"]",0,'released',NULL,0,0,NULL);
INSERT INTO store_apps(appid,name,developer,availability,price,metacritic,description,sysreq,main_image,images,show_metascore,release_state,release_date,preorder_available,preload_available,preorder_bonus_text) VALUES(50,"Opposing Force","Gearbox","Available",9.95,"","Return to the Black Mesa Research Facility as one of the military specialists assigned to eliminate Gordon Freeman. Experience an entirely new episode of single player action. Meet fierce alien opponents, and experiment with new weaponry. Named 'Game of the Year' by the Academy of Interactive Arts and Sciences.","Minimum:\n 500 mhz processor, 96mb ram, 16mb video card, Windows 2000/XP/ME/SE, Mouse, Keyboard, Internet Connection\n \n Recommended:\n 800 mhz processor, 128mb ram, 32mb+ video card, Windows 2000/XP, Mouse, Keyboard, Internet Connection","0000000159_thumb.jpg","[\"0000000159_thumb.jpg\", \"0000000158_thumb.jpg\", \"0000000157_thumb.jpg\", \"0000000156_thumb.jpg\", \"0000000155_thumb.jpg\"]",0,'released',NULL,0,0,NULL);
INSERT INTO store_apps(appid,name,developer,availability,price,metacritic,description,sysreq,main_image,images,show_metascore,release_state,release_date,preorder_available,preload_available,preorder_bonus_text) VALUES(90011,"Plan of Attack","Plan of Attack Team","Available",0,"","","","0000000083_thumb.jpg","[\"0000000083_thumb.jpg\", \"0000000082_thumb.jpg\", \"0000000081_thumb.jpg\", \"0000000080_thumb.jpg\", \"0000000079_thumb.jpg\"]",0,'released',NULL,0,0,NULL);
INSERT INTO store_apps(appid,name,developer,availability,price,metacritic,description,sysreq,main_image,images,show_metascore,release_state,release_date,preorder_available,preload_available,preorder_bonus_text) VALUES(1002,"Rag Doll Kung Fu","Mark Healey","Available",14.95,"70","","","0000000209_thumb.jpg","[\"0000000209_thumb.jpg\", \"0000000208_thumb.jpg\", \"0000000207_thumb.jpg\", \"0000000206_thumb.jpg\", \"0000000205_thumb.jpg\"]",0,'released',NULL,0,0,NULL);
INSERT INTO store_apps(appid,name,developer,availability,price,metacritic,description,sysreq,main_image,images,show_metascore,release_state,release_date,preorder_available,preload_available,preorder_bonus_text) VALUES(60,"Ricochet","Valve","Available",9.95,"","A futuristic action game that challenges your agility as well as your aim, Ricochet features one-on-one and team matches played in a variety of futuristic battle arenas.","Minimum:\n 500 mhz processor, 96mb ram, 16mb video card, Windows 2000/XP/ME/SE, Mouse, Keyboard, Internet Connection\n \n Recommended:\n 800 mhz processor, 128mb ram, 32mb+ video card, Windows 2000/XP, Mouse, Keyboard, Internet Connection","0000000163_thumb.jpg","[\"0000000163_thumb.jpg\", \"0000000162_thumb.jpg\", \"0000000161_thumb.jpg\", \"0000000160_thumb.jpg\"]",0,'released',NULL,0,0,NULL);
INSERT INTO store_apps(appid,name,developer,availability,price,metacritic,description,sysreq,main_image,images,show_metascore,release_state,release_date,preorder_available,preload_available,preorder_bonus_text) VALUES(90017,"Science and Industry","Science and Industry Team","Available",0,"","","","0000000098_thumb.jpg","[\"0000000098_thumb.jpg\", \"0000000097_thumb.jpg\", \"0000000096_thumb.jpg\", \"0000000095_thumb.jpg\", \"0000000094_thumb.jpg\"]",0,'released',NULL,0,0,NULL);
INSERT INTO store_apps(appid,name,developer,availability,price,metacritic,description,sysreq,main_image,images,show_metascore,release_state,release_date,preorder_available,preload_available,preorder_bonus_text) VALUES(1610,"Space Empires IV Deluxe","Malfador Machinations","Coming soon",19.95,"79","The award-winning Space Empires IV Deluxe is the latest edition in the Space Empires series. A grand strategy title in the space 4X (explore, expand, exploit, and exterminate) genre, Space Empires has already found a place in the heart of strategy gamers everywhere.","Minimum\nPentium Processor; Windows 98/ME/2000/XP; 128MB RAM; 800x600 screen resolution; 16bit colour; 300 MB hard drive space; 6X CD-ROM; DirectX 8.1 or higher, Windows Compatible Sound Card.","0000000247_thumb.jpg","[\"0000000247_thumb.jpg\", \"0000000246_thumb.jpg\", \"0000000245_thumb.jpg\", \"0000000243_thumb.jpg\", \"0000000242_thumb.jpg\"]",0,'released',NULL,0,0,NULL);
INSERT INTO store_apps(appid,name,developer,availability,price,metacritic,description,sysreq,main_image,images,show_metascore,release_state,release_date,preorder_available,preload_available,preorder_bonus_text) VALUES(90005,"Sven Co-Op","Sven Co-Op Team","Available",0,"","","","0000000058_thumb.jpg","[\"0000000058_thumb.jpg\", \"0000000057_thumb.jpg\", \"0000000056_thumb.jpg\", \"0000000055_thumb.jpg\", \"0000000054_thumb.jpg\"]",0,'released',NULL,0,0,NULL);
INSERT INTO store_apps(appid,name,developer,availability,price,metacritic,description,sysreq,main_image,images,show_metascore,release_state,release_date,preorder_available,preload_available,preorder_bonus_text) VALUES(20,"Team Fortress Classic","Valve","Available",9.95,"","One of the most popular online action games of all time, Team Fortress Classic features over nine character classes -- from Medic to Spy to Demolition Man -- enlisted in a unique style of online team warfare. Each character class possesses unique weapons, items, and abilities, as teams compete online in a variety of game play modes.","Minimum:\n 500 mhz processor, 96mb ram, 16mb video card, Windows 2000/XP/ME/SE, Mouse, Keyboard, Internet Connection\n \n Recommended:\n 800 mhz processor, 128mb ram, 32mb+ video card, Windows 2000/XP, Mouse, Keyboard, Internet Connection","0000000168_thumb.jpg","[\"0000000168_thumb.jpg\", \"0000000167_thumb.jpg\", \"0000000166_thumb.jpg\", \"0000000165_thumb.jpg\", \"0000000164_thumb.jpg\"]",0,'released',NULL,0,0,NULL);
INSERT INTO store_apps(appid,name,developer,availability,price,metacritic,description,sysreq,main_image,images,show_metascore,release_state,release_date,preorder_available,preload_available,preorder_bonus_text) VALUES(90008,"The Battle Grounds","The Battle Grounds Team","Available",0,"","","","0000000073_thumb.jpg","[\"0000000073_thumb.jpg\", \"0000000072_thumb.jpg\", \"0000000071_thumb.jpg\", \"0000000070_thumb.jpg\", \"0000000069_thumb.jpg\"]",0,'released',NULL,0,0,NULL);
INSERT INTO store_apps(appid,name,developer,availability,price,metacritic,description,sysreq,main_image,images,show_metascore,release_state,release_date,preorder_available,preload_available,preorder_bonus_text) VALUES(90022,"The Ship","Outerlight Ltd.","Available",0,"","","","0000000113_thumb.jpg","[\"0000000113_thumb.jpg\", \"0000000112_thumb.jpg\", \"0000000111_thumb.jpg\", \"0000000110_thumb.jpg\", \"0000000109_thumb.jpg\"]",0,'released',NULL,0,0,NULL);
INSERT INTO store_apps(appid,name,developer,availability,price,metacritic,description,sysreq,main_image,images,show_metascore,release_state,release_date,preorder_available,preload_available,preorder_bonus_text) VALUES(90004,"The Specialists","The Specialists Team","Available",0,"","","","0000000053_thumb.jpg","[\"0000000053_thumb.jpg\", \"0000000052_thumb.jpg\", \"0000000051_thumb.jpg\", \"0000000050_thumb.jpg\", \"0000000049_thumb.jpg\"]",0,'released',NULL,0,0,NULL);
INSERT INTO store_apps(appid,name,developer,availability,price,metacritic,description,sysreq,main_image,images,show_metascore,release_state,release_date,preorder_available,preload_available,preorder_bonus_text) VALUES(90018,"The Trenches","The Trenches Team","Available",0,"","","","0000000186_thumb.jpg","[\"0000000186_thumb.jpg\", \"0000000185_thumb.jpg\", \"0000000184_thumb.jpg\", \"0000000183_thumb.jpg\", \"0000000182_thumb.jpg\"]",0,'released',NULL,0,0,NULL);
INSERT INTO store_apps(appid,name,developer,availability,price,metacritic,description,sysreq,main_image,images,show_metascore,release_state,release_date,preorder_available,preload_available,preorder_bonus_text) VALUES(90020,"Vampire Slayer","Vampire Slayer","Available",0,"","","","0000000181_thumb.jpg","[\"0000000181_thumb.jpg\", \"0000000180_thumb.jpg\", \"0000000179_thumb.jpg\"]",0,'released',NULL,0,0,NULL);
INSERT INTO store_apps(appid,name,developer,availability,price,metacritic,description,sysreq,main_image,images,show_metascore,release_state,release_date,preorder_available,preload_available,preorder_bonus_text) VALUES(90012,"Zombie Panic","Zombie Panic Team","Available",0,"","","","0000000036_thumb.jpg","[\"0000000036_thumb.jpg\", \"0000000035_thumb.jpg\", \"0000000034_thumb.jpg\", \"0000000033_thumb.jpg\", \"0000000032_thumb.jpg\"]",0,'released',NULL,0,0,NULL);
-- Added missing apps for storefront references
INSERT INTO store_apps(appid,name,developer,availability,price,metacritic,description,sysreq,main_image,images,show_metascore,release_state,release_date,preorder_available,preload_available,preorder_bonus_text) VALUES
(380,'Half-Life 2: Episode One','Valve','Available',0,'','','','','[]',0,'released',NULL,0,0,NULL),
(1200,'Red Orchestra: Ostfront 41-45','Unknown','Available',0,'','','','','[]',0,'released',NULL,0,0,NULL),
(1300,'SiN Episodes: Emergence','Ritual','Pre-order',19.95,'','A thrilling episodic action game from Ritual Entertainment.','Minimum: 1.2 GHz Processor, 256MB RAM, DirectX 7 level graphics card, Windows 2000/XP','ProductHeader_SiN_ep1.jpg','[]',0,'prerelease','2006-05-09 00:00:00',1,1,'Plus get the original SiN game for free!'),
(1502,'Unknown App 1502','Unknown','Available',0,'','','','','[]',0,'released',NULL,0,0,NULL),
(1510,'Uplink','Unknown','Available',0,'','','','','[]',0,'released',NULL,0,0,NULL),
(2100,'Dark Messiah of Might & Magic','Unknown','Available',0,'','','','','[]',0,'released',NULL,0,0,NULL),
(2400,'The Ship: Murder Party','Unknown','Available',0,'','','','','[]',0,'released',NULL,0,0,NULL),
(2510,'Shadowgrounds Demo','Unknown','Available',0,'','','','','[]',0,'released',NULL,0,0,NULL),
(2810,'X3: Reunion','Unknown','Available',0,'','','','','[]',0,'released',NULL,0,0,NULL),
(3000,'Unknown App 3000','Unknown','Available',0,'','','','','[]',0,'released',NULL,0,0,NULL),
(3010,'Xpand Rally','Unknown','Available',0,'','','','','[]',0,'released',NULL,0,0,NULL),
(3900,'Sid Meier''s Civilization IV','Unknown','Available',0,'','','','','[]',0,'released',NULL,0,0,NULL),
(4700,'Total War: MEDIEVAL II – Definitive Edition','Unknown','Available',0,'','','','','[]',0,'released',NULL,0,0,NULL),
(6980,'Thief: Deadly Shadows','Unknown','Available',0,'','','','','[]',0,'released',NULL,0,0,NULL),
(7260,'Loki','Unknown','Available',0,'','','','','[]',0,'released',NULL,0,0,NULL),
(8400,'Geometry Wars: Retro Evolved','Unknown','Available',0,'','','','','[]',0,'released',NULL,0,0,NULL),
(900352,'Unknown App 900352','Unknown','Available',0,'','','','','[]',0,'released',NULL,0,0,NULL),
(9340,'Company of Heroes: Opposing Fronts','Unknown','Available',0,'','','','','[]',0);
INSERT INTO storefront_tabs(theme,title,ord) VALUES
('2007_v2','Top Sellers',1),
('2007_v2','Top Rated',2);
INSERT INTO storefront_tab_games(tab_id,appid,image_path,ord) VALUES
(1,1200,'',1),
(1,6980,'',2),
(2,9340,'',1);
INSERT INTO storefront_capsule_items(theme,type,appid,image_path,price,title,content,ord) VALUES
('2006_v1','small',1510,'2006_v1/1510.png',9.95,NULL,NULL,1),
('2006_v1','small',3010,'2006_v1/3010.png',19.95,NULL,NULL,2),
('2006_v1','large',380,'2006_v1/380.png',19.95,NULL,NULL,3),
('2006_v1','small',2400,'2006_v1/2400.png',19.95,NULL,NULL,4),
('2006_v1','small',2810,'2006_v1/2810.png',19.95,NULL,NULL,5),
('2006_v1','small',1300,'2006_v1/1300.png',14.95,NULL,NULL,6),
('2006_v1','small',1500,'2006_v1/1500.png',19.95,NULL,NULL,7),
('2006_v1','gear',NULL,'',NULL,'Get The Gear!','Check out the new Logitech® MOMO® Racing wheel! Visit the <a href="http://store.valvesoftware.com/" target="_blank">Valve Store</a> for official shirts, posters, hats and more!',8),
('2006_v1','free',NULL,'',NULL,'Free Stuff!','In addition to a catalog of great games, your free Steam account gives you access to <a href="http://storefront.steampowered.com/v/index.php?area=search&amp;browse=1&amp;category=&amp;price=1&amp;">games + demos</a>, <a href="http://storefront.steampowered.com/v/index.php?area=media&amp;">HD movies + trailers</a>, and more.',9),
('2006_v2','small',1510,'2006_v2/1510.png',9.95,NULL,NULL,1),
('2006_v2','small',3000,'2006_v2/3000.png',19.95,NULL,NULL,2),
('2006_v2','large',900352,'2006_v2/900352.png',0,'PopCap Games','Click for a look at the full collection of games available from PopCap.',3),
('2006_v2','small',300,'2006_v2/300.png',19.95,NULL,NULL,4),
('2006_v2','small',2400,'2006_v2/2400.png',19.95,NULL,NULL,5),
('2006_v2','small',380,'2006_v2/380.png',19.95,NULL,'The aftermath of Half-Life 2 and a journey beyond City 17',6),
('2006_v2','small',1200,'2006_v2/1200.png',24.95,NULL,NULL,7),
('2006_v2','gear',NULL,'',NULL,'Get The Gear!','Check out the new Logitech® MOMO® Racing wheel! Visit the <a href="http://store.valvesoftware.com/" target="_blank">Valve Store</a> for official shirts, posters, hats and more!',8),
('2006_v2','free',NULL,'',NULL,'Free Stuff!','In addition to a catalog of great games, your free Steam account gives you access to <a href="http://storefront.steampowered.com/v/index.php?area=search&amp;browse=1&amp;category=&amp;price=1&amp;">games + demos</a>, <a href="http://storefront.steampowered.com/v/index.php?area=media&amp;">HD movies + trailers</a>, and more.',9),
('2007_v1','small',4700,'2007_v1/4700.png',49.95,NULL,NULL,1),
('2007_v1','small',380,'2007_v1/380.png',19.95,NULL,NULL,2),
('2007_v1','large',2100,'2007_v1/2100.png',49.95,NULL,NULL,3),
('2007_v1','small',1510,'2007_v1/1510.png',9.95,NULL,NULL,4),
('2007_v1','small',3900,'2007_v1/3900.png',49.95,NULL,NULL,5),
('2007_v1','small',2400,'2007_v1/2400.png',19.95,NULL,NULL,6),
('2007_v1','small',300,'2007_v1/300.png',19.95,NULL,NULL,7),
('2007_v1','gear',NULL,'',NULL,'Get The Gear!','Get your hands on the brand-new Half-Life® 2: Episode Two poster at the <a href="http://store.valvesoftware.com/" target="_blank">Valve Store</a> now!!! Also featuring official shirts, posters, hats and more!',8),
('2007_v1','free',NULL,'',NULL,'Free Stuff!','In addition to a catalog of great games, your free Steam account gives you access to game <a href="v/index.php?area=free&amp;tab=demos&amp;">demos</a>, <a href="v/index.php?area=free&amp;tab=mods&amp;">mods</a>, <a href="v/index.php?area=free&amp;tab=videos&amp;">trailers</a> and more. Browse our <a href="v/index.php?area=free&amp;">Free Stuff</a> page for more details.',9),
('2007_v2','small',1200,'2007_v2/1200.png',19.95,NULL,NULL,1),
('2007_v2','small',6980,'2007_v2/6980.png',19.95,NULL,NULL,2),
('2007_v2','large',9340,'2007_v2/9340.png',39.95,NULL,NULL,3),
('2007_v2','small',7260,'2007_v2/7260.png',39.95,NULL,NULL,4),
('2007_v2','small',8400,'2007_v2/8400.png',3.95,NULL,NULL,5),
('2007_v2','gear',NULL,'',NULL,'Get The Gear!','Get your hands on the brand-new Half-Life® 2: Episode Two poster at the <a href="http://store.valvesoftware.com/" target="_blank">Valve Store</a> now!!! Also featuring official shirts, posters, hats and more!',8),
('2007_v2','free',NULL,'',NULL,'Free Stuff!','In addition to a catalog of great games, your free Steam account gives you access to game <a href="v/index.php?area=free&amp;tab=demos&amp;">demos</a>, <a href="v/index.php?area=free&amp;tab=mods&amp;">mods</a>, <a href="v/index.php?area=free&amp;tab=videos&amp;">trailers</a> and more. Browse our <a href="v/index.php?area=free&amp;">Free Stuff</a> page for more details.',9);
INSERT INTO subscriptions(subid,name,price) VALUES(7,"Counter-Strike",19.95);
INSERT INTO subscriptions(subid,name,price) VALUES(25,"Day of Defeat: Source",19.95);
INSERT INTO subscriptions(subid,name,price) VALUES(29,"Team Fortress Classic",9.95);
INSERT INTO subscriptions(subid,name,price) VALUES(30,"Day of Defeat",9.95);
INSERT INTO subscriptions(subid,name,price) VALUES(31,"Deathmatch Classic",9.95);
INSERT INTO subscriptions(subid,name,price) VALUES(32,"Opposing Force",9.95);
INSERT INTO subscriptions(subid,name,price) VALUES(33,"Ricochet",9.95);
INSERT INTO subscriptions(subid,name,price) VALUES(34,"Half-Life 1",9.95);
INSERT INTO subscriptions(subid,name,price) VALUES(35,"Half-Life: Blue Shift",9.95);
INSERT INTO subscriptions(subid,name,price) VALUES(36,"Half-Life 2",39.95);
INSERT INTO subscriptions(subid,name,price) VALUES(37,"Counter-Strike: Source",19.95);
INSERT INTO subscriptions(subid,name,price) VALUES(38,"Half-Life 1: Source",9.95);
INSERT INTO subscriptions(subid,name,price) VALUES(39,"Half-Life 2: Deathmatch",9.95);
INSERT INTO subscriptions(subid,name,price) VALUES(40,"Half-Life 1 Anthology",14.95);
INSERT INTO subscriptions(subid,name,price) VALUES(41,"Counter-Strike 1 Anthology",19.95);
INSERT INTO subscriptions(subid,name,price) VALUES(42,"Source Multiplayer Pack",29.95);
INSERT INTO subscriptions(subid,name,price) VALUES(43,"Source Premier Pack",59.95);
INSERT INTO subscriptions(subid,name,price) VALUES(44,"Valve Complete Pack",79.95);
INSERT INTO subscriptions(subid,name,price) VALUES(45,"Rag Doll Kung Fu",14.95);
INSERT INTO subscriptions(subid,name,price) VALUES(54,"Darwinia",19.95);
INSERT INTO subscriptions(subid,name,price) VALUES(57,"Space Empires IV Deluxe",19.95);
INSERT INTO subscriptions(subid,name,price) VALUES(58,"Dangerous Waters",39.95);
INSERT INTO subscription_apps(subid,appid) VALUES(7,10);
INSERT INTO subscription_apps(subid,appid) VALUES(7,80);
INSERT INTO subscription_apps(subid,appid) VALUES(25,300);
INSERT INTO subscription_apps(subid,appid) VALUES(29,20);
INSERT INTO subscription_apps(subid,appid) VALUES(30,30);
INSERT INTO subscription_apps(subid,appid) VALUES(31,40);
INSERT INTO subscription_apps(subid,appid) VALUES(32,50);
INSERT INTO subscription_apps(subid,appid) VALUES(33,60);
INSERT INTO subscription_apps(subid,appid) VALUES(34,70);
INSERT INTO subscription_apps(subid,appid) VALUES(35,130);
INSERT INTO subscription_apps(subid,appid) VALUES(36,220);
INSERT INTO subscription_apps(subid,appid) VALUES(36,340);
INSERT INTO subscription_apps(subid,appid) VALUES(37,240);
INSERT INTO subscription_apps(subid,appid) VALUES(38,280);
INSERT INTO subscription_apps(subid,appid) VALUES(39,320);
INSERT INTO subscription_apps(subid,appid) VALUES(40,20);
INSERT INTO subscription_apps(subid,appid) VALUES(40,50);
INSERT INTO subscription_apps(subid,appid) VALUES(40,70);
INSERT INTO subscription_apps(subid,appid) VALUES(40,130);
INSERT INTO subscription_apps(subid,appid) VALUES(41,10);
INSERT INTO subscription_apps(subid,appid) VALUES(41,30);
INSERT INTO subscription_apps(subid,appid) VALUES(41,40);
INSERT INTO subscription_apps(subid,appid) VALUES(41,60);
INSERT INTO subscription_apps(subid,appid) VALUES(41,80);
INSERT INTO subscription_apps(subid,appid) VALUES(42,240);
INSERT INTO subscription_apps(subid,appid) VALUES(42,300);
INSERT INTO subscription_apps(subid,appid) VALUES(42,320);
INSERT INTO subscription_apps(subid,appid) VALUES(43,220);
INSERT INTO subscription_apps(subid,appid) VALUES(43,240);
INSERT INTO subscription_apps(subid,appid) VALUES(43,280);
INSERT INTO subscription_apps(subid,appid) VALUES(43,300);
INSERT INTO subscription_apps(subid,appid) VALUES(43,320);
INSERT INTO subscription_apps(subid,appid) VALUES(43,340);
INSERT INTO subscription_apps(subid,appid) VALUES(44,10);
INSERT INTO subscription_apps(subid,appid) VALUES(44,20);
INSERT INTO subscription_apps(subid,appid) VALUES(44,30);
INSERT INTO subscription_apps(subid,appid) VALUES(44,40);
INSERT INTO subscription_apps(subid,appid) VALUES(44,50);
INSERT INTO subscription_apps(subid,appid) VALUES(44,60);
INSERT INTO subscription_apps(subid,appid) VALUES(44,70);
INSERT INTO subscription_apps(subid,appid) VALUES(44,80);
INSERT INTO subscription_apps(subid,appid) VALUES(44,130);
INSERT INTO subscription_apps(subid,appid) VALUES(44,220);
INSERT INTO subscription_apps(subid,appid) VALUES(44,240);
INSERT INTO subscription_apps(subid,appid) VALUES(44,280);
INSERT INTO subscription_apps(subid,appid) VALUES(44,300);
INSERT INTO subscription_apps(subid,appid) VALUES(44,320);
INSERT INTO subscription_apps(subid,appid) VALUES(44,340);
INSERT INTO subscription_apps(subid,appid) VALUES(45,1002);
INSERT INTO subscription_apps(subid,appid) VALUES(54,1500);
INSERT INTO subscription_apps(subid,appid) VALUES(57,1610);
INSERT INTO subscription_apps(subid,appid) VALUES(58,1600);
INSERT INTO app_categories(appid,category_id) VALUES(10,1);
INSERT INTO app_categories(appid,category_id) VALUES(20,1);
INSERT INTO app_categories(appid,category_id) VALUES(30,1);
INSERT INTO app_categories(appid,category_id) VALUES(40,1);
INSERT INTO app_categories(appid,category_id) VALUES(50,2);
INSERT INTO app_categories(appid,category_id) VALUES(60,1);
INSERT INTO app_categories(appid,category_id) VALUES(70,1);
INSERT INTO app_categories(appid,category_id) VALUES(70,2);
INSERT INTO app_categories(appid,category_id) VALUES(80,1);
INSERT INTO app_categories(appid,category_id) VALUES(80,2);
INSERT INTO app_categories(appid,category_id) VALUES(92,2);
INSERT INTO app_categories(appid,category_id) VALUES(130,2);
INSERT INTO app_categories(appid,category_id) VALUES(219,2);
INSERT INTO app_categories(appid,category_id) VALUES(219,10);
INSERT INTO app_categories(appid,category_id) VALUES(220,2);
INSERT INTO app_categories(appid,category_id) VALUES(240,1);
INSERT INTO app_categories(appid,category_id) VALUES(280,2);
INSERT INTO app_categories(appid,category_id) VALUES(300,1);
INSERT INTO app_categories(appid,category_id) VALUES(300,3);
INSERT INTO app_categories(appid,category_id) VALUES(320,1);
INSERT INTO app_categories(appid,category_id) VALUES(340,2);
INSERT INTO app_categories(appid,category_id) VALUES(340,3);
INSERT INTO app_categories(appid,category_id) VALUES(1002,1);
INSERT INTO app_categories(appid,category_id) VALUES(1002,2);
INSERT INTO app_categories(appid,category_id) VALUES(1200,3);
INSERT INTO app_categories(appid,category_id) VALUES(1500,2);
INSERT INTO app_categories(appid,category_id) VALUES(1500,3);
INSERT INTO app_categories(appid,category_id) VALUES(1502,10);
INSERT INTO app_categories(appid,category_id) VALUES(1600,1);
INSERT INTO app_categories(appid,category_id) VALUES(1600,2);
INSERT INTO app_categories(appid,category_id) VALUES(1600,3);
INSERT INTO app_categories(appid,category_id) VALUES(1610,2);
INSERT INTO app_categories(appid,category_id) VALUES(1610,3);
INSERT INTO app_categories(appid,category_id) VALUES(2510,10);
INSERT INTO app_categories(appid,category_id) VALUES(90000,2);
INSERT INTO app_categories(appid,category_id) VALUES(90000,6);
INSERT INTO app_categories(appid,category_id) VALUES(90001,1);
INSERT INTO app_categories(appid,category_id) VALUES(90001,6);
INSERT INTO app_categories(appid,category_id) VALUES(90002,1);
INSERT INTO app_categories(appid,category_id) VALUES(90002,7);
INSERT INTO app_categories(appid,category_id) VALUES(90003,1);
INSERT INTO app_categories(appid,category_id) VALUES(90003,7);
INSERT INTO app_categories(appid,category_id) VALUES(90004,1);
INSERT INTO app_categories(appid,category_id) VALUES(90004,7);
INSERT INTO app_categories(appid,category_id) VALUES(90005,1);
INSERT INTO app_categories(appid,category_id) VALUES(90005,7);
INSERT INTO app_categories(appid,category_id) VALUES(90006,1);
INSERT INTO app_categories(appid,category_id) VALUES(90006,7);
INSERT INTO app_categories(appid,category_id) VALUES(90007,1);
INSERT INTO app_categories(appid,category_id) VALUES(90007,7);
INSERT INTO app_categories(appid,category_id) VALUES(90008,1);
INSERT INTO app_categories(appid,category_id) VALUES(90008,7);
INSERT INTO app_categories(appid,category_id) VALUES(90009,1);
INSERT INTO app_categories(appid,category_id) VALUES(90009,7);
INSERT INTO app_categories(appid,category_id) VALUES(90010,1);
INSERT INTO app_categories(appid,category_id) VALUES(90010,7);
INSERT INTO app_categories(appid,category_id) VALUES(90011,1);
INSERT INTO app_categories(appid,category_id) VALUES(90011,6);
INSERT INTO app_categories(appid,category_id) VALUES(90012,1);
INSERT INTO app_categories(appid,category_id) VALUES(90012,7);
INSERT INTO app_categories(appid,category_id) VALUES(90013,1);
INSERT INTO app_categories(appid,category_id) VALUES(90013,6);
INSERT INTO app_categories(appid,category_id) VALUES(90014,1);
INSERT INTO app_categories(appid,category_id) VALUES(90014,7);
INSERT INTO app_categories(appid,category_id) VALUES(90015,1);
INSERT INTO app_categories(appid,category_id) VALUES(90015,7);
INSERT INTO app_categories(appid,category_id) VALUES(90016,1);
INSERT INTO app_categories(appid,category_id) VALUES(90016,7);
INSERT INTO app_categories(appid,category_id) VALUES(90017,1);
INSERT INTO app_categories(appid,category_id) VALUES(90017,7);
INSERT INTO app_categories(appid,category_id) VALUES(90018,1);
INSERT INTO app_categories(appid,category_id) VALUES(90018,7);
INSERT INTO app_categories(appid,category_id) VALUES(90020,1);
INSERT INTO app_categories(appid,category_id) VALUES(90020,7);
INSERT INTO app_categories(appid,category_id) VALUES(90021,1);
INSERT INTO app_categories(appid,category_id) VALUES(90021,7);
INSERT INTO app_categories(appid,category_id) VALUES(90022,1);
INSERT INTO app_categories(appid,category_id) VALUES(90022,7);
INSERT INTO app_categories(appid,category_id) VALUES(90023,1);
INSERT INTO app_categories(appid,category_id) VALUES(90023,3);
INSERT INTO app_categories(appid,category_id) VALUES(90023,6);
INSERT INTO app_categories(appid,category_id) VALUES(90024,2);
INSERT INTO app_categories(appid,category_id) VALUES(90024,6);
INSERT INTO app_categories(appid,category_id) VALUES(90025,1);
INSERT INTO app_categories(appid,category_id) VALUES(90025,3);
INSERT INTO app_categories(appid,category_id) VALUES(90025,6);
INSERT INTO app_categories(appid,category_id) VALUES(90026,1);
INSERT INTO app_categories(appid,category_id) VALUES(90026,6);
INSERT INTO settings(`key`,value) VALUES('store_featured',"{\"top\": 2400, \"middle\": 380, \"bottom_left\": 1200, \"bottom_right\": 1300}");
INSERT INTO settings(`key`,value) VALUES('capsules_same_all','0');
INSERT INTO store_capsules(position,image,appid) VALUES('top','top/05_01_2005.png',2400),('middle','middle/05_01_2005.png',380),('bottom_left','bottom_left/05_01_2005.png',1200),('bottom_right','bottom_right/05_01_2005.png',1300);
INSERT INTO store_sidebar_links(label,url,type,ord,visible) VALUES
 ('Home','index.php?','link',1,1),
 ('','', 'spacer',2,1),
 ('Browser Games','index.php?area=browse&','link',3,1),
 ('All Games','index.php?area=all&','link',4,1),
 ('Search','index.php?area=search&','link',5,1),
 ('','', 'spacer',6,1),
('Media','index.php?area=media&','link',7,1);
INSERT INTO store_pages(slug,title,title_image) VALUES
 ('all','All Games','title_blue.jpg'),
 ('browse','Browse Games','title_red.jpg'),
 ('search','Search','title_grey.jpg'),
 ('media','Media','title_grey.jpg');

-- Sample data for product enhancements
INSERT INTO product_content_overlays (appid, title, content, active) VALUES 
(1300, 'Available May 9th', 'Pre-purchase now and save 10%.<br/>Plus get the original SiN game for free!<br/>Or <a class="specLink" href="steam://preload/1300">pre-load</a> now with no obligation.', 1);

INSERT INTO product_discounts (package_id, discount_type, discount_value, discount_label, active) VALUES 
(70, 'fixed_amount', 2.00, 'Pre-order Discount', 1);
